<?xml version="1.0" encoding="UTF-8"?>
<Configuration status="warn">

	<Appenders>
		<Console name="Console" target="SYSTEM_OUT">
			<PatternLayout
				pattern="%d{YYYY-MM-dd HH:mm:ss} [%t] %-5p %c{1}:%L - %msg%n" />
		</Console>
<!--  filename="/opt/tomcat/logs/lopd.log"  -->

		<RollingFile name="RollingFile" filename="/opt/tomcat/logs/lopd.log"
			filepattern="${logPath}/%d{YYYYMMddHHmmss}-co.log">
			<PatternLayout
				pattern="%d{YYYY-MM-dd HH:mm:ss} [%t] %-5p %c{1}:%L - %msg%n" />

			<Policies>
				<SizeBasedTriggeringPolicy size="10 MB" />
			</Policies>
			<DefaultRolloverStrategy max="20" />
		</RollingFile>

	</Appenders>
	<Loggers>
		<Root level="debug">
			<AppenderRef ref="Console" />
			<AppenderRef ref="RollingFile" />
		</Root>
	</Loggers>
</Configuration>
